<?xml version="1.0" encoding="UTF-8" ?>
<!DOCTYPE mapper
        PUBLIC "-//mybatis.org//DTD Mapper 3.0//EN"
        "https://mybatis.org/dtd/mybatis-3-mapper.dtd">
<mapper namespace="org.zerock.mapper.BoardMapper">

    <sql id="criterial">
        <trim prefix="(" suffix=") and">
            <foreach collection="typeArr" item="type" separator="or">
                <if test="type == 'T'.toString()">
                    title like '%' || #{keyword} || '%'
                </if>
                <if test="type == 'C'.toString()">
                    content like '%' || #{keyword} || '%'
                </if>
                <if test="type == 'W'.toString()">
                    writer like '%' ||  #{keyword} || '%'
                </if>
            </foreach>
        </trim>
    </sql>

    <select id="getlist" resultType="org.zerock.domain.BoardVO">
        select * from tbl_board where bno>0
    </select>

    <insert id="insert">
        insert into tbl_board(bno, title, content, writer)
        values(seq_board.nextval, #{title}, #{content}, #{writer} )
    </insert>

    <insert id="insertSelectKey">
        <selectKey keyProperty="bno" order="BEFORE" resultType="Long">
            select seq_board.nextval from dual
        </selectKey>

        insert into tbl_board(bno, title, content, writer)
        values(#{bno}, #{title}, #{content}, #{writer} )
    </insert>

    <update id="update">
        update tbl_board
        set title=#{title},
        content = #{content},
        writer=#{writer},
        updatedate = sysdate
        where bno = #{bno}
    </update>

    <delete id="delete">
        delete from tbl_board where bno = #{bno}
    </delete>

    <select id="read" resultType="org.zerock.domain.BoardVO" parameterType="Long">
        select * from tbl_board where bno = #{bno}
    </select>

    <insert id="insertTest">
        insert into tbl_board(bno, title, content, writer)
        values(seq_board.nextval, #{title}, #{content}, #{writer} )
    </insert>

    <update id="updateTest">
        update tbl_board
        set title=#{title},
        content = #{content},
        writer=#{writer},
        updatedate = sysdate
        where bno = #{bno}
    </update>

    <select id="getListTest">
        select * from tbl_board where bno>0 order by bno desc
    </select>

    <!--    <select id="getListWithPaging" resultType="org.zerock.domain.BoardVO">-->
    <!--        <![CDATA[-->
    <!--         select bno, title, content, writer, regdate, updatedate-->
    <!--       from (-->
    <!--          select /*+ index_desc(tbl_board pk_board) */-->
    <!--          rownum rn, bno, title, content, writer, regdate, updatedate-->
    <!--          from tbl_board where rownum <= #{pageNum} * #{amount}-->
    <!--       )-->
    <!--       where rn > (#{pageNum}-1)*#{amount}-->
    <!--        ]]>-->
    <!--    </select>-->

    <select id="getListWithPaging" resultType="org.zerock.domain.BoardVO">
        <![CDATA[
         select bno, title, content, writer, regdate, updatedate, replyCnt
       from (
          select /*+ index_desc(tbl_board pk_board) */
          rownum rn, bno, title, content, writer, regdate, updatedate, replyCnt
          from tbl_board where
        ]]>

       <include refid="criterial"></include>

        <![CDATA[
           bno>0 and rownum>0 and rownum <= #{pageNum} * #{amount}
             )
             where rn > (#{pageNum}-1) * #{amount}
        ]]>
    </select>

    <select id="getTotalCount" resultType="int">
        <![CDATA[
            select count(*) from tbl_board where
        ]]>

        <include refid="criterial"></include>

        <![CDATA[
             bno>0
        ]]>
    </select>

    <select id="searchTest" resultType="org.zerock.domain.BoardVO">
        <![CDATA[
            select * from tbl_board
            where
        ]]>

        <include refid="criterial"></include>

        <![CDATA[
            rownum < 10
         ]]>
    </select>
    
    <update id="updateReplyCnt">
       update tbl_board set replyCnt = replyCnt + #{amount} where bno = #{bno}
     <!-- update tbl_board set replyCnt = replyCnt + 1 where bno = #{bno} -->
    </update>
    
    
    
    
    
    
    
    
</mapper>