<?xml version="1.0" encoding="UTF-8"?>
<beans xmlns="http://www.springframework.org/schema/beans"
       xmlns:xsi="http://www.w3.org/2001/XMLSchema-instance"
       xmlns:context="http://www.springframework.org/schema/context"
       xmlns:aop="http://www.springframework.org/schema/aop"
       xmlns:mybatis-spring="http://mybatis.org/schema/mybatis-spring"
       xmlns:tx="http://www.springframework.org/schema/tx"
       xsi:schemaLocation="
            http://www.springframework.org/schema/beans http://www.springframework.org/schema/beans/spring-beans.xsd
            http://www.springframework.org/schema/context https://www.springframework.org/schema/context/spring-context.xsd
            http://www.springframework.org/schema/aop https://www.springframework.org/schema/aop/spring-aop.xsd
            http://mybatis.org/schema/mybatis-spring http://mybatis.org/schema/mybatis-spring.xsd
            http://www.springframework.org/schema/tx http://www.springframework.org/schema/tx/spring-tx.xsd">

    <bean id="hikariConfig" class="com.zaxxer.hikari.HikariConfig">
        <property name="driverClassName" value="net.sf.log4jdbc.sql.jdbcapi.DriverSpy"></property>
        <property name="jdbcUrl" value="jdbc:log4jdbc:oracle:thin:@localhost:1521:xe"></property>
        <property name="username" value="book"></property>
        <property name="password" value="1234"></property>
    </bean>

    <bean id="dataSource" class="com.zaxxer.hikari.HikariDataSource" destroy-method="close">
        <constructor-arg ref="hikariConfig"></constructor-arg>
    </bean>

    <bean id="sqlSessionFactory" class="org.mybatis.spring.SqlSessionFactoryBean">
        <property name="dataSource" ref="dataSource"></property>
    </bean>
    
    
    <bean id="transactionManager" class="org.springframework.jdbc.datasource.DataSourceTransactionManager">
    	<property name="dataSource" ref="dataSource"></property>
    </bean>
    

    <tx:annotation-driven/>

    <mybatis-spring:scan base-package="org.zerock.mapper"></mybatis-spring:scan>

    <context:component-scan base-package="org.zerock.service"></context:component-scan>
    <context:component-scan base-package="org.zerock.aop"></context:component-scan>

    <aop:aspectj-autoproxy></aop:aspectj-autoproxy>
</beans>